Contradiction,Principles
1,"3, 19, 35, 40"
2,"17, 15, 8, 35"
3,"15, 17, 28, 12"
4,"28, 17, 29, 35"
5,"17, 28, 1, 29"
6,"28, 29, 7, 40"
7,"40, 35, 2, 4, 7"
8,"3, 35, 14, 17"
9,"31, 28, 26, 7, 2"
10,"2, 5, 7, 4, 34"
11,"10, 5, 34, 16"
12,"10, 5, 28, 35"
13,"15, 2, 25, 19"
14,"10, 30, 35, 28"
15,"35, 10, 19, 3"
16,"35, 15, 1, 28, 7"
17,"19, 30, 36, 31"
18,"10, 40, 30, 36"
19,"28, 31, 40, 35"
20,"35, 1, 30, 39"
21,"2, 40, 6, 31, 36"
22,"1, 35, 32, 38"
23,"5, 35, 31, 24"
24,"10, 19, 28, 20"
25,"19, 6, 3, 10, 2"
26,"10, 24, 11, 35"
27,"2, 35, 10, 39"
28,"29, 28, 15, 2"
29,"2, 15, 3, 11, 25"
30,"3, 17, 1, 35, 27"
31,"2, 28, 17, 27"
32,"1, 5, 36, 25, 16"
33,"28, 5, 26, 35"
34,"35, 26, 2, 10"
35,"35, 24, 10, 28"
36,"26, 35, 40, 30"
37,"26, 28, 32, 5"
38,"28, 26, 35, 10"
39,"35, 3, 40, 2"
40,"17, 4, 30, 35"
41,"17, 35, 9, 31"
42,"17, 3, 30, 7"
43,"17, 14, 3, 35"
44,"14, 13, 3, 40"
45,"31, 35, 7, 3, 13"
46,"13, 7, 3, 30, 35"
47,"35, 31, 5, 18"
48,"28, 13, 7, 26, 2"
49,"3, 35, 10, 12"
50,"40, 35, 31, 6"
51,"3, 35, 17, 3"
52,"35, 9, 8, 3, 40"
53,"3, 17, 14, 19"
54,"12, 13, 1, 28"
55,"13, 35, 19, 3"
56,"35, 8, 3, 13, 40"
57,"35, 31, 8, 40"
58,"15, 5, 17, 30"
59,"35, 3, 36, 19"
60,"19, 35, 24, 32"
61,"13, 14, 5, 3, 17"
62,"10, 35, 19, 25"
63,"28, 35, 7, 31"
64,"10, 15, 35, 3"
65,"40, 3, 39, 2"
66,"35, 3, 15, 19"
67,"13, 1, 32, 14"
68,"10, 2, 14, 40"
69,"2, 17, 13, 27"
70,"35, 8, 9, 1, 10"
71,"10, 35, 17, 29"
72,"2, 26, 30, 12"
73,"28, 35, 15, 4"
74,"13, 4, 17, 14"
75,"17, 25, 37, 32"
76,"26, 28, 18, 37"
77,"31, 4, 17, 15"
78,"1, 2, 17, 15, 30"
79,"1, 17, 15, 24"
80,"15, 17, 4, 14, 1"
81,"17, 3, 7, 15, 3, 1"
82,"17, 14, 7, 4, 3"
83,"17, 31, 3, 19"
84,"1, 35, 29, 3"
85,"35, 3, 4, 1, 40"
86,"28, 1, 10, 32"
87,"19, 17, 10, 1, 2"
88,"10, 35, 1, 3, 19"
89,"14, 1, 13, 4"
90,"17, 4, 14, 10"
91,"1, 35, 17, 14"
92,"35, 17, 14, 3, 1"
93,"1, 35, 14, 3"
94,"1, 35, 3, 14, 12"
95,"35, 29, 40, 8"
96,"1, 15, 3, 14, 17"
97,"10, 15, 35, 19"
98,"19, 1, 32, 5"
99,"1, 4, 35, 29, 28"
100,"15, 19, 2, 10"
101,"2, 35, 14, 1, 7"
102,"1, 24, 25, 2, 3"
103,"3, 17, 15, 2"
104,"15, 1, 14, 17"
105,"15, 29, 35, 10"
106,"35, 10, 14, 17"
107,"1, 28, 10, 17"
108,"1, 24, 4, 10, 29"
109,"10, 28, 1, 25"
110,"17, 3, 24, 26"
111,"17, 4, 14, 28"
112,"1, 19, 24, 26"
113,"26, 35, 1, 24"
114,"10, 32, 1, 37"
115,"35, 30, 31, 8"
116,"35, 31, 40, 2"
117,"3, 1, 4, 19, 17"
118,"3, 4, 19, 17, 35"
119,"17, 40, 35, 10"
120,"35, 30, 14, 7"
121,"14, 35, 17, 2, 4"
122,"13, 14, 15, 7"
123,"4, 3, 31, 25, 17"
124,"7, 17, 2, 22, 28"
125,"35, 3, 29, 2"
126,"35, 10, 1, 3, 2"
127,"3, 14, 4, 13, 18"
128,"10, 17, 35, 3"
129,"35, 19, 24, 28"
130,"35, 3, 30, 31"
131,"17, 19, 35, 12"
132,"35, 17, 3, 14, 5"
133,"14, 40, 3, 35"
134,"35, 3, 15, 17"
135,"35, 36, 10, 24"
136,"35, 24, 28, 3"
137,"28, 24, 35, 12"
138,"14, 5, 30, 28"
139,"1, 17, 28, 3, 6"
140,"28, 24, 13, 3"
141,"35, 17, 11, 5"
142,"1, 19, 35, 15"
143,"10, 25, 26, 2"
144,"35, 17, 31, 29"
145,"3, 10, 17, 1"
146,"17, 3, 15, 13"
147,"30, 32, 10, 3, 2"
148,"10, 24, 15, 13"
149,"3, 14, 7, 30, 37"
150,"28, 2, 5, 26, 35"
151,"28, 32, 26, 3"
152,"28, 10, 26, 32"
153,"31, 17, 3, 4, 1"
154,"17, 15, 3, 31, 2"
155,"14, 15, 4, 18, 1"
156,"14, 17, 15, 4"
157,"17, 1, 4, 3, 24, 5"
158,"14, 17, 7, 4, 13"
159,"14, 17, 7, 13, 4"
160,"35, 4, 14, 17"
161,"31, 30, 3, 13, 6"
162,"17, 15, 14, 32"
163,"3, 19, 18, 1, 6"
164,"1, 3, 19, 2, 6, 5"
165,"14, 3, 34, 29"
166,"3, 2, 35, 19, 30"
167,"19, 3, 17, 1"
168,"3, 17, 19, 36"
169,"19, 40, 18, 1"
170,"15, 30, 10, 40"
171,"3, 15, 40, 14"
172,"2, 11, 13, 35"
173,"3, 15, 19, 36"
174,"19, 13, 15, 32"
175,"2, 17, 35, 3"
176,"2, 26, 35, 39"
177,"17, 15, 30, 2, 1"
178,"3, 2, 17, 24, 26"
179,"17, 2, 18, 15"
180,"15, 3, 35, 1"
181,"15, 17, 25, 13"
182,"17, 3, 28, 35"
183,"35, 15, 10, 25"
184,"3, 1, 13, 24, 26"
185,"35, 2, 13, 25"
186,"14, 28, 1, 5, 30"
187,"10, 2, 26, 17"
188,"14, 17, 5, 7, 35"
189,"2,, 26, 19, 3"
190,"3, 32, 26, 25"
191,"14, 31, 17, 19"
192,"35, 14, 31, 30"
193,"17, 19, 3, 13, 1"
194,"17, 14, 3, 4, 7"
195,"4, 31, 7, 19, 15"
196,"17, 18, 14, 7"
197,"14, 28, 26, 13"
198,"17, 5, 4, 7, 28"
199,"35, 26, 1, 4, 17"
200,"26, 17, 2, 13"
201,"13, 19, 37, 10"
202,"10, 2, 30, 25"
203,"26, 28, 17, 13"
204,"14, 1, 35, 3"
205,"35, 19, 13, 28"
206,"35, 40, 17, 13"
207,"35, 17, 13, 19"
208,"15, 35, 9, 17"
209,"40, 2, 17, 35"
210,"35, 24, 29, 10"
211,"35, 24, 39, 32"
212,"1, 40, 24, 35"
213,"17, 14, 12, 10"
214,"14, 1, 10, 35"
215,"17, 12, 30, 35"
216,"2, 16, 7, 17, 32"
217,"40, 1, 7, 24, 15"
218,"15, 4, 28, 29"
219,"10, 4, 24, 25"
220,"35, 40, 4, 5, 25"
221,"1, 16, 32, 17"
222,"16, 17, 40, 13"
223,"35, 2, 29, 36"
224,"25, 10, 3, 28"
225,"10, 17, 7, 15"
226,"1, 26, 28, 18"
227,"32, 35, 18, 2"
228,"28, 3, 32, 26"
229,"31, 35, 40, 2"
230,"31, 40, 35, 26"
231,"1, 7, 4, 35, 3"
232,"7, 15, 4, 3, 1, 35"
233,"17, 4, 7, 1, 31, 5"
234,"17, 14, 4, 3, 31"
235,"35, 14, 28, 2, 3"
236,"15, 1, 14, 19"
237,"30, 31, 7, 4, 29"
238,"10, 2, 28, 7"
239,"4, 36, 35, 31"
240,"30, 31, 1, 35, 4"
241,"29, 4, 28, 1"
242,"15, 1, 35, 3"
243,"35, 13, 19, 38"
244,"35, 38, 33, 19"
245,"35, 19, 6, 10"
246,"35, 9, 3, 40, 1, 3"
247,"14, 15, 7, 4, 9"
248,"28, 10, 1, 3, 39"
249,"10, 39, 18, 31"
250,"35, 2, 28, 25"
251,"35, 10, 34, 2"
252,"10, 19, 2, 6, 34"
253,"28, 15, 4, 38, 7"
254,"28, 3, 2, 10, 22"
255,"2, 30, 40, 36"
256,"15, 29, 30, 35"
257,"15, 3, 26, 25"
258,"1, 28, 3, 14, 40"
259,"10, 3, 30, 25"
260,"1, 10, 3, 24, 40"
261,"25, 28, 3, 16, 2"
262,"24, 3, 35, 34"
263,"2, 10, 35, 34"
264,"1, 2, 35, 26, 15"
265,"26, 24, 5, 4, 29"
266,"26, 28, 24, 13"
267,"31, 30, 40, 35"
268,"35, 40, 31, 9"
269,"14, 30, 15, 3, 4"
270,"35, 2, 30, 4"
271,"15, 14, 4, 30"
272,"14, 3, 7, 4, 30"
273,"14, 35, 3, 13"
274,"7, 35, 2, 30, 31"
275,"35, 3, 31, 40"
276,"10, 7, 24, 28"
277,"35, 19, 1, 38"
278,"35, 38, 15, 31"
279,"35, 40, 2, 38"
280,"37, 9, 18, 12"
281,"35, 19, 2, 40"
282,"35, 2, 40, 36"
283,"35, 28, 6, 30, 2"
284,"35, 28, 24, 40"
285,"13, 14, 9, 17"
286,"40, 35, 31, 34"
287,"3, 26, 4, 35, 15"
288,"35, 24, 28, 5, 7"
289,"35, 10, 39, 40"
290,"10, 35, 18, 1"
291,"3, 35, 40, 5"
292,"7, 32, 14, 24"
293,"12, 18, 13, 35"
294,"31, 28, 6, 29, 2"
295,"7, 26, 24, 17"
296,"40, 28, 35, 2, 1"
297,"17, 1, 3, 35, 27"
298,"35, 30, 13, 10"
299,"25, 35, 10, 3"
300,"10, 1, 13, 24"
301,"10, 2, 35, 31"
302,"1, 5, 28, 31, 3"
303,"17, 26, 28, 32"
304,"10, 32, 35, 25"
305,"29, 30, 3, 10"
306,"15, 3, 10, 31"
307,"4, 14, 29, 5"
308,"17, 14, 4, 13, 5"
309,"4, 17, 5, 2, 14"
310,"17, 14, 5, 28, 2"
311,"14, 4, 15, 3, 7"
312,"14, 4, 7, 1, 2, 35"
313,"3, 31, 30, 36"
314,"17, 7, 3, 32, 24"
315,"14, 28, 25, 30"
316,"3, 30, 28, 35"
317,"15, 35, 10, 3"
318,"14, 17, 35, 9, 2"
319,"3, 14, 28, 2"
320,"35, 14, 15, 31"
321,"4, 6, 2, 30, 1, 3"
322,"3, 14, 9, 15, 2, 4"
323,"35, 7, 40, 14"
324,"35, 40, 24, 31"
325,"31, 19, 2, 32"
326,"35, 15, 28, 32"
327,"29, 35, 30, 3, 5"
328,"10, 28, 5, 34"
329,"4, 14, 15, 3, 5"
330,"17, 2, 7, 15, 28"
331,"1, 35, 30, 31"
332,"35, 1, 28, 29"
333,"32, 26, 25, 37"
334,"40, 3, 35, 10"
335,"17, 13, 1, 2, 35"
336,"17, 32, 1, 28"
337,"30, 32, 40, 22"
338,"1, 29, 32, 2"
339,"13, 17, 10, 26"
340,"29, 2, 5, 22, 28"
341,"28, 37, 13, 31"
342,"28, 1, 37, 32"
343,"35, 40, 6, 18, 9"
344,"35, 40, 18, 5, 2"
345,"29, 3, 17, 35"
346,"35, 31, 3, 17"
347,"15, 14, 17, 31"
348,"17, 31, 4, 18"
349,"2, 15, 28, 18"
350,"35, 2, 38, 25"
351,"35, 7, 14, 3"
352,"17, 37, 4, 31"
353,"35, 40, 34, 10"
354,"35, 30, 31, 3"
355,"28, 35, 29, 24"
356,"35, 14, 40, 3"
357,"19, 3, 34, 35"
358,"35, 18, 3, 2, 13"
359,"35, 19, 18, 3"
360,"40, 9, 35, 14"
361,"14, 17, 9, 35"
362,"35, 24, 9, 40"
363,"35, 31, 1, 17, 3"
364,"35, 28, 30, 3"
365,"24, 4, 10, 34"
366,"3, 25, 19, 1"
367,"35, 7, 18, 19"
368,"15, 28, 35, 24"
369,"35, 40, 3, 12"
370,"1, 15, 17, 29"
371,"3, 10, 25, 35"
372,"40, 3, 35, 16"
373,"25, 10, 2, 32"
374,"10, 2, 35, 1"
375,"30, 3, 33, 25"
376,"35, 1, 10, 8, 9"
377,"1, 13, 3, 35, 36"
378,"13, 1, 10, 27"
379,"28, 18, 32, 24"
380,"4, 24, 37, 13"
381,"28, 17, 13, 7, 1"
382,"28, 26, 35, 3, 2"
383,"7, 32, 13, 17"
384,"7, 32, 17, 3, 2"
385,"7, 17, 32, 2"
386,"32, 2, 3, 24, 17"
387,"7, 19, 26, 3"
388,"26, 32, 3, 2, 24"
389,"7, 17, 3, 32, 26"
390,"17, 7, 32, 3"
391,"7, 3, 2, 10, 13"
392,"7, 3, 10, 12, 2"
393,"10, 7, 13, 37"
394,"26, 17, 12, 1"
395,"7, 10, 3, 12, 2, 6"
396,"10, 6, 3, 2, 24"
397,"7, 10, 3, 2, 6, 24"
398,"2, 17, 7, 24, 12"
399,"2, 17, 7, 12, 1"
400,"24, 37, 3, 10, 2"
401,"2, 13, 10, 19"
402,"15, 19, 4, 32"
403,"2, 13, 7, 28, 13"
404,"2, 7, 3, 19, 13"
405,"2, 10, 3, 6, 28"
406,"15, 19, 7, 32, 4"
407,"2, 10, 13, 17"
408,"3, 24, 4, 1, 29"
409,"25, 10, 17, 6"
410,"10, 24, 13, 25"
411,"25, 1, 24, 13"
412,"25, 13, 10, 1, 7"
413,"13, 3, 10, 37"
414,"25, 1, 6, 13, 26"
415,"2, 25, 19, 3"
416,"10, 25, 5, 13, 3"
417,"3, 4, 37, 25, 40"
418,"37, 3, 17, 28"
419,"15,19, 5, 8, 31"
420,"35, 3, 31, 34"
421,"17, 8, 19, 9"
422,"3, 17, 12, 9"
423,"17, 19, 7, 8, 9"
424,"3, 17, 9, 24, 12"
425,"19, 10, 30, 7"
426,"10, 30, 35, 12"
427,"17, 14, 28, 10"
428,"3, 40, 17, 35"
429,"7, 2, 32, 3, 24"
430,"10, 2, 24, 20"
431,"3, 35, 5, 13, 17"
432,"19, 2, 16, 13"
433,"18, 28, 35, 6"
434,"35, 6, 18, 28"
435,"19, 18, 35, 10"
436,"12, 19, 40, 3"
437,"35, 3, 17, 14"
438,"35, 24, 40, 13"
439,"19, 35, 13, 3"
440,"35, 19, 24, 4"
441,"18, 13, 14, 28"
442,"28, 3, 19, 10"
443,"10, 24, 35, 23"
444,"10, 24, 25, 3, 7"
445,"40, 3, 37, 6"
446,"7, 13, 30, 35"
447,"10, 25, 24, 12"
448,"35, 12, 13, 40"
449,"3, 10, 17, 19"
450,"35, 4, 10, 3, 2"
451,"3, 16, 40, 10"
452,"10, 30, 17, 6"
453,"10, 35, 19, 3"
454,"5, 15, 10, 4, 2"
455,"10, 37, 4, 32"
456,"3, 17, 24, 10"
457,"35, 31, 8, 19, 4"
458,"35, 6, 2, 31, 19"
459,"17, 40, 19, 2"
460,"40, 35, 1, 9, 17"
461,"3, 35, 18, 19"
462,"35, 17, 3, 30, 7"
463,"35, 19, 18, 3"
464,"35, 40, 31, 3"
465,"17, 3, 40, 14"
466,"35, 31, 3, 40"
467,"24, 7, 10, 25"
468,"35, 24, 28, 4, 3"
469,"35, 28, 29, 3, 4"
470,"17, 40, 35, 9, 7"
471,"13, 25, 40, 24"
472,"35, 40, 13, 2"
473,"35, 2, 13, 16"
474,"17, 4, 40, 12"
475,"35, 3, 9, 17, 14"
476,"5, 35, 39, 3"
477,"19, 24, 35, 40"
478,"35, 40, 24, 2"
479,"35, 10, 17, 4, 7"
480,"3, 24, 10, 14"
481,"10, 12, 35, 40"
482,"10, 7, 2, 24, 25"
483,"35, 14, 40, 3"
484,"13, 5, 4, 17, 2"
485,"25, 1, 3, 10, 37"
486,"35, 3, 9, 40, 13"
487,"3, 10, 19, 1"
488,"35, 10, 40, 5"
489,"40, 37, 25, 3"
490,"1, 17, 13, 24"
491,"10, 40, 38, 16"
492,"5, 10, 2, 25, 4"
493,"32, 35, 25, 6, 4"
494,"10, 26, 24, 37"
495,"13, 14, 8, 28, 1"
496,"1, 13, 2, 10, 35"
497,"13, 17, 28, 2"
498,"17, 15, 30, 2"
499,"17, 14, 4, 1, 29"
500,"14, 5, 3, 17, 1, 4"
501,"28, 2, 7, 34, 35"
502,"28, 5, 2, 35, 7, 9"
503,"17, 7, 15, 18"
504,"2, 35, 19, 5"
505,"7, 2, 10, 5"
506,"35, 40, 19, 3, 5"
507,"3, 13, 35, 5, 2"
508,"19, 13, 15, 28"
509,"35, 28, 38, 19"
510,"35, 19, 28, 12"
511,"19, 35, 13, 36"
512,"28, 14, 6, 40"
513,"28, 8, 3, 14, 5"
514,"28, 2, 3, 5, 33"
515,"28, 36, 31, 3"
516,"19, 35, 13, 10"
517,"28, 35, 13, 10"
518,"13, 5, 10, 3, 1"
519,"19, 1, 35, 14"
520,"10, 7, 6, 24, 26"
521,"35, 21, 2, 24"
522,"15, 10, 28, 26"
523,"28, 37, 13, 25"
524,"35, 28, 23, 24"
525,"28, 2, 34, 13"
526,"35, 13, 28, 1, 8"
527,"28, 10, 25, 12"
528,"10, 28, 2, 13"
529,"2, 3, 28, 10, 13"
530,"5, 28, 4, 10, 13"
531,"3, 26, 24, 16"
532,"28, 25, 24, 32"
533,"8, 1, 9, 13, 37"
534,"9, 13, 28, 1"
535,"17, 35, 9, 3, 14"
536,"35, 28, 17, 9"
537,"15, 17, 10, 14"
538,"1, 3, 17, 40, 37"
539,"12, 15, 9, 35"
540,"1, 18, 37, 35"
541,"35, 10, 3, 40"
542,"14, 18, 29, 28"
543,"13, 17, 37, 3, 1"
544,"19, 10, 2, 12"
545,"2, 10, 13, 3"
546,"13, 15, 9, 28"
547,"19, 17, 35, 10"
548,"1, 35, 10, 19"
549,"19, 35, 37, 17"
550,"21, 18, 9, 40"
551,"35, 14, 9, 3, 17"
552,"35, 10, 24, 21"
553,"35, 36, 21, 10"
554,"13, 2, 19, 35"
555,"3, 35, 40, 12"
556,"10, 3, 23, 37"
557,"19, 15, 2, 5, 14"
558,"37, 32, 7, 24, 1"
559,"3, 13, 24, 14"
560,"15, 17, 3, 19"
561,"1, 28, 25, 4, 3"
562,"14, 35, 1, 13"
563,"15, 17, 1, 13, 2"
564,"15, 18, 35, 6"
565,"28, 29, 5, 37"
566,"2, 10, 35, 13"
567,"35, 28, 3, 10"
568,"5, 10, 35, 4"
569,"37, 10, 19, 3"
570,"24, 37, 32, 3"
571,"28, 35, 19, 12"
572,"28, 35, 5, 12"
573,"28, 12, 15, 35"
574,"35, 2, 19, 15"
575,"15, 19, 4, 3, 25"
576,"35, 2, 17, 14"
577,"13, 35, 18, 29"
578,"3, 25, 34, 38"
579,"29, 2, 3, 12, 19"
580,"35, 2, 34, 19"
581,"7, 2, 25, 24"
582,"18, 28, 35, 6"
583,"28, 2, 35, 13"
584,"35, 28, 13, 19"
585,"21, 2, 19, 35"
586,"15, 28, 13, 2"
587,"19, 6, 34, 37"
588,"14, 25, 15, 17"
589,"19, 35, 5, 9, 29"
590,"13, 19, 24, 17"
591,"24, 19, 36, 2, 3"
592,"35, 19, 24, 5"
593,"28, 35, 5, 3, 18"
594,"10, 18, 28, 5"
595,"19, 15, 12, 28"
596,"13, 24, 7, 22"
597,"35, 2, 11, 16"
598,"24, 15, 13, 29"
599,"28, 3, 35, 1"
600,"13, 21, 10, 35"
601,"1, 17, 28, 10"
602,"28, 5, 30, 10"
603,"10, 25, 12, 24"
604,"2, 10, 13, 5"
605,"35, 28, 24, 25"
606,"5, 2, 28, 27, 12"
607,"10, 37, 3, 25"
608,"37, 3, 5, 28, 8"
609,"35, 28, 13, 8, 3"
610,"19, 13, 35, 9"
611,"17, 4, 12, 3"
612,"4, 17, 9, 19, 3"
613,"3, 4, 13, 5, 12"
614,"4, 17, 3, 14, 16"
615,"2, 35, 13, 19"
616,"35, 39, 19, 2"
617,"7, 35, 24, 30"
618,"35, 31, 3, 24"
619,"2, 19, 17, 20"
620,"40, 35, 3, 19, 4"
621,"40, 35, 3, 17"
622,"1, 3, 28, 19, 13"
623,"9, 36, 37, 35"
624,"2, 19, 3, 13, 5"
625,"2, 5, 19, 13, 35"
626,"17, 9, 4, 19, 35"
627,"35, 40, 14, 3, 2"
628,"35, 4, 24, 40"
629,"3, 2, 35, 19, 21"
630,"19, 35, 2, 32, 5"
631,"31, 28, 18, 12"
632,"4, 10, 40, 7, 9"
633,"35, 31, 1, 4, 24"
634,"2, 10, 7, 13, 3"
635,"19, 3, 15, 18"
636,"35, 15, 13, 17"
637,"13, 15, 24, 10"
638,"35, 10, 13, 25"
639,"35, 17, 1, 27, 3"
640,"4, 8, 1, 10, 2"
641,"37, 10, 3, 2, 13"
642,"10, 2, 8, 34, 35"
643,"1, 10, 6, 35, 34"
644,"35, 28, 4, 3, 13"
645,"28, 19, 35, 25"
646,"28, 37, 4, 18"
647,"8, 38, 2, 25, 31"
648,"19, 2, 35, 31"
649,"1, 17, 35, 10"
650,"17, 14, 1, 35, 4"
651,"19, 38, 35, 2"
652,"17, 19, 38, 13"
653,"19, 38, 2, 35"
654,"19, 35, 25, 36"
655,"29, 14, 15, 1"
656,"35, 19, 38, 4, 3"
657,"10,28, 19, 12"
658,"19, 35, 10, 38"
659,"38, 35, 10, 4"
660,"15, 2, 19, 35"
661,"2, 19, 15, 35"
662,"19, 6, 37, 36"
663,"19, 15, 3, 2, 6"
664,"35, 10, 3, 30"
665,"28, 40, 31, 10"
666,"35, 31, 1, 15"
667,"19, 5, 3, 2, 36"
668,"19, 35, 25, 28"
669,"30, 1, 28, 29"
670,"10, 15, 35, 6"
671,"15, 35, 1, 38"
672,"10, 19, 24, 28"
673,"1, 18, 2, 35, 28"
674,"15, 28, 19, 35"
675,"26, 10, 35, 25"
676,"35, 2, 3, 24, 28"
677,"10, 2, 35, 1"
678,"10, 28, 26, 21"
679,"2, 3, 10, 14, 32"
680,"28, 2, 13, 24"
681,"28, 1, 35, 14"
682,"35, 30, 19, 20"
683,"28, 35, 19, 3"
684,"2, 37, 15, 25"
685,"40, 35, 31, 10"
686,"35, 10, 13, 31"
687,"35, 9, 40, 17"
688,"3, 14, 17, 35"
689,"10, 35, 40, 14"
690,"40, 14, 35, 10"
691,"35, 10, 40, 3"
692,"35, 17, 4, 40, 3"
693,"35, 4, 40, 3"
694,"35, 10, 25, 31"
695,"28, 2, 26, 7"
696,"19, 3, 35, 4"
697,"3, 14, 35, 9, 2"
698,"35, 17, 24, 13"
699,"35, 17, 14, 9"
700,"10, 17, 14, 24"
701,"17, 14, 10, 35"
702,"35, 29, 10, 17"
703,"3, 17, 40, 9"
704,"35, 5, 40, 2"
705,"35, 3, 19, 2"
706,"24, 12, 22, 35"
707,"10, 25, 3, 4, 17"
708,"1, 4, 37, 13, 10"
709,"3, 25, 2, 35, 12"
710,"37, 28, 2, 7, 24"
711,"2, 33, 25, 35"
712,"15, 35, 17, 13"
713,"17, 3, 19, 28"
714,"40, 13, 35, 19"
715,"2, 17, 10, 25"
716,"2, 1, 35, 17, 16"
717,"3, 25, 2, 35, 12"
718,"10, 35, 25, 12"
719,"10, 40, 25, 24"
720,"17, 5, 2, 24, 35"
721,"37, 17, 4, 32, 2"
722,"37, 25, 17, 28"
723,"40, 31, 17, 8, 1"
724,"40, 31, 2, 1, 17"
725,"17, 35, 40, 1, 4"
726,"17, 35, 9, 37"
727,"14, 17, 3, 7, 19"
728,"14, 17, 9, 40, 3"
729,"4, 7, 17, 14, 35"
730,"14, 9, 17, 4"
731,"40, 4, 9, 35, 7"
732,"30, 17, 31, 9"
733,"17, 2, 32, 3"
734,"35, 40, 3, 26"
735,"35, 3, 5, 24, 26"
736,"14, 28, 8, 13"
737,"40, 9, 35, 25"
738,"35, 17, 10, 19"
739,"35, 14, 17, 4"
740,"40, 35, 3, 4, 10"
741,"35, 40, 24, 3, 9"
742,"40, 35, 13, 3"
743,"35, 40, 9, 31"
744,"35, 19, 24, 28"
745,"40, 31, 24, 35"
746,"19, 3, 10, 5"
747,"35, 31, 40, 1"
748,"37, 32, 28, 26"
749,"35, 40, 3, 10"
750,"40, 35, 1, 4, 17"
751,"17, 35, 40, 2"
752,"40, 35, 5, 17"
753,"1, 2, 35, 13, 24"
754,"35, 10, 3, 40"
755,"3, 6, 23, 2, 29"
756,"15, 2, 35, 10"
757,"15, 35, 17, 10"
758,"2, 5, 15, 13, 18"
759,"2, 40, 32, 28"
760,"3, 37, 28, 25"
761,"40, 35, 31, 5, 2"
762,"40, 35, 31, 17"
763,"17, 1, 35, 13"
764,"17, 4, 35, 37"
765,"31, 13, 35, 17"
766,"35, 31, 4, 3, 39"
767,"24, 5, 39, 35"
768,"35, 40, 24, 31"
769,"1, 4, 35, 17, 7, 3"
770,"5, 24, 31, 40"
771,"2, 7, 10, 35"
772,"10, 13, 5, 35, 4"
773,"10, 40, 3, 39"
774,"40, 28, 25, 13"
775,"24, 21, 10, 16"
776,"13, 35, 19, 18"
777,"35, 18, 9, 24"
778,"35, 31, 18, 24"
779,"40, 3, 35, 31"
780,"40, 17, 9, 35"
781,"35, 40, 3, 1, 24"
782,"35, 3, 13, 32"
783,"40, 2, 14, 3, 7"
784,"35, 24, 10, 16"
785,"5, 24, 3, 15, 4"
786,"24, 10, 32, 7"
787,"24, 35, 40, 1"
788,"40, 35, 15, 30"
789,"24, 3, 35, 4"
790,"35, 40, 24, 31"
791,"2, 10, 24, 16"
792,"25, 35, 24, 3"
793,"3, 25, 2, 12, 5"
794,"24, 1, 10, 16"
795,"5, 24, 40, 3"
796,"13, 31, 2, 10"
797,"7, 24, 17, 35"
798,"25, 13, 37, 4"
799,"36, 31, 6, 35"
800,"31, 35, 3, 32"
801,"15, 19, 9, 3, 35"
802,"19, 3, 15, 31"
803,"3, 35, 40, 19"
804,"35, 3, 31, 40"
805,"35, 40, 31, 4"
806,"35, 40, 31, 3, 4"
807,"14, 19, 32, 39"
808,"30, 31, 3, 35"
809,"5, 37, 7, 10, 26"
810,"19, 15, 13, 39"
811,"19, 36, 40, 3, 9"
812,"28, 14, 36, 2"
813,"2, 35, 3, 19, 21"
814,"19, 15, 3, 35"
815,"35, 3, 19, 32"
816,"31, 3, 2, 17, 25"
817,"35, 19, 39, 2"
818,"2, 9, 5, 35, 30"
819,"24, 35, 32, 3"
820,"35, 19, 32, 5"
821,"29, 21, 3, 36"
822,"19, 9, 35, 3"
823,"35, 21, 24, 38"
824,"35, 9, 24, 7"
825,"35, 2, 25, 22"
826,"2, 3, 19, 15, 4"
827,"28, 24, 26, 2"
828,"35, 40, 3, 12"
829,"10, 3, 4, 37, 28"
830,"35, 3, 26, 30"
831,"23, 25, 3, 12"
832,"2, 26, 3, 19, 16"
833,"3, 15, 35, 28"
834,"2, 3, 19, 35, 16"
835,"32, 28, 35, 3"
836,"32, 19, 28, 26"
837,"19, 1, 24, 32"
838,"35, 32, 2, 19"
839,"14, 19, 32, 35"
840,"14, 17, 32, 35"
841,"14, 17, 24, 35"
842,"14, 17, 4, 35"
843,"14, 24, 13, 10"
844,"14, 13, 24, 35"
845,"3, 30, 13, 24"
846,"1, 19, 35, 14"
847,"2, 25, 19, 32"
848,"19, 2, 6, 35, 28"
849,"2, 6, 10, 35, 28"
850,"19, 10, 13, 28"
851,"10, 19, 6, 26, 4"
852,"19, 10, 3, 24"
853,"19, 10, 24, 3, 5"
854,"35, 25, 19, 17"
855,"30, 35, 12, 9"
856,"35, 19, 12, 28"
857,"28, 32, 35, 3"
858,"19, 35, 32, 1"
859,"13, 1, 5, 35, 10"
860,"19, 1, 26, 35"
861,"19, 1, 35, 24"
862,"32, 13, 4, 1, 14"
863,"35, 32, 19, 3"
864,"15, 35, 4, 40, 3"
865,"28, 4, 35, 24"
866,"35, 1, 4, 32, 17"
867,"17, 13, 1, 15"
868,"35, 28, 20, 33"
869,"3, 35, 32, 39"
870,"10, 2, 26, 13"
871,"2, 3, 15, 5, 28"
872,"5, 15, 13, 6"
873,"32, 15, 1, 9, 37"
874,"32, 10, 37, 4, 3"
875,"28, 35, 40, 8, 6"
876,"35, 4, 31, 6"
877,"14, 12, 10, 24"
878,"17, 28, 24, 10"
879,"10, 17, 30, 12"
880,"18, 10, 5, 30, 4"
881,"30, 1, 29, 36"
882,"3, 18, 30, 39"
883,"35, 5, 29, 3"
884,"24, 3, 10, 6"
885,"28, 24, 10, 1"
886,"3, 15, 19, 28"
887,"24, 15, 18, 38"
888,"28, 19, 13, 25"
889,"14, 15, 9, 18"
890,"18, 35, 5, 3, 19"
891,"12, 18, 28, 35"
892,"28, 18, 38, 25"
893,"3, 37, 10, 1"
894,"35, 28, 3, 40"
895,"1, 30, 19, 24"
896,"36, 37, 21, 39"
897,"2, 13, 35, 28"
898,"35, 15, 2, 18"
899,"19, 38, 35, 27"
900,"32, 40, 1, 10, 3"
901,"3, 1, 15, 14, 29"
902,"2, 15, 28, 27"
903,"3, 15, 32, 2, 1"
904,"10, 12, 35, 24"
905,"2, 14, 27, 35"
906,"15, 5, 34, 33"
907,"24, 31, 10, 3"
908,"10, 35, 18, 25"
909,"5, 25, 28, 24"
910,"28, 5, 2, 10, 24"
911,"28, 24, 3, 17"
912,"24, 10, 14, 3"
913,"10, 20, 8, 14"
914,"10, 20, 26, 35"
915,"17, 13, 15, 29"
916,"5, 14, 17, 24"
917,"17, 15, 16, 5"
918,"35, 17, 4, 10, 5"
919,"20, 10, 5, 18"
920,"35, 5, 10, 12"
921,"7, 28, 17, 4"
922,"35, 10, 5, 18"
923,"2, 3, 10, 25"
924,"3, 17, 28, 18"
925,"5, 28, 24, 7"
926,"28, 26, 3, 10, 4"
927,"5, 17, 10, 37"
928,"18, 35, 38, 3, 4"
929,"35, 10, 1, 19"
930,"35, 6, 10, 1"
931,"35, 17, 4, 20"
932,"35, 24, 3, 9, 28"
933,"24, 5, 3, 35, 17"
934,"21, 18, 24, 35"
935,"26, 1, 32, 17"
936,"24, 10, 35, 18"
937,"5, 18, 35, 19"
938,"24, 28, 32, 2"
939,"35, 24, 14, 39"
940,"28, 35, 40, 13"
941,"10, 25, 4, 26"
942,"35, 10, 3, 14, 4"
943,"17, 24, 32, 1"
944,"10, 35, 4, 19"
945,"26, 25, 24, 18"
946,"10, 2, 24, 30"
947,"10, 3, 24, 5, 4"
948,"28, 21, 6, 10, 2"
949,"37, 10, 18, 32"
950,"25, 26, 32, 28"
951,"8, 15, 28, 19"
952,"19, 7, 6, 31, 18"
953,"3, 4, 13, 17, 7"
954,"4, 13, 7, 25, 17"
955,"15, 17, 30, 28"
956,"17, 14, 7, 38"
957,"7, 5, 28, 4, 18"
958,"7, 5, 3, 4, 19"
959,"4, 3, 24, 19, 28"
960,"7, 25, 15, 18"
961,"2, 10, 24, 25"
962,"21, 35, 34, 14"
963,"17, 31, 35, 34"
964,"3, 35, 14, 28"
965,"19, 17, 2, 36, 4"
966,"35, 19, 3, 4, 37"
967,"35, 19, 4, 2, 12"
968,"19, 4, 37, 34"
969,"2, 25, 4, 13, 12"
970,"28, 35, 17, 26"
971,"10, 6, 14, 12"
972,"35, 7, 31, 34"
973,"19, 24, 5, 13"
974,"28, 35, 37, 2"
975,"10, 18, 7, 4, 32"
976,"19, 10, 4, 37, 1"
977,"40, 35, 21, 24"
978,"15, 5, 14, 13"
979,"13, 1, 35, 25"
980,"35, 40, 17, 11"
981,"1, 19, 30, 2"
982,"10, 14, 35, 1"
983,"30, 37, 9, 25, 3"
984,"28, 1, 10, 2"
985,"3, 10, 35, 28"
986,"25, 7, 40, 30"
987,"1, 3, 35, 15, 28"
988,"3, 37, 24, 26"
989,"13, 35, 7, 10"
990,"13, 35, 31, 5"
991,"28, 25, 10, 37"
992,"28, 25, 17, 26"
993,"28, 26, 17, 25"
994,"28, 25, 26, 16"
995,"28, 25, 17, 32"
996,"28, 25, 32, 1"
997,"25, 14, 24, 3, 4"
998,"17, 28, 24, 7"
999,"2, 7, 24, 3"
1000,"10, 28, 37, 3, 7"
1001,"10, 19, 28, 3, 4"
1002,"12, 13, 24, 26"
1003,"13, 17, 24, 37"
1004,"1, 24, 25, 20"
1005,"10, 1, 24, 36"
1006,"10, 19, 24, 25"
1007,"24, 22, 25, 35"
1008,"35, 24, 3, 31"
1009,"35, 30, 10, 26"
1010,"28, 22, 1, 25"
1011,"19, 32, 24, 28"
1012,"7, 17, 2, 3, 13"
1013,"25, 22, 10, 24"
1014,"24, 34, 19, 10"
1015,"7, 10, 31, 27"
1016,"24, 5, 25, 9"
1017,"7, 1, 3, 10, 5"
1018,"13, 24, 10, 26"
1019,"2, 10, 17, 13"
1020,"25, 29, 28, 40"
1021,"25, 17, 37, 1"
1022,"5, 24, 35, 10"
1023,"5, 10, 13, 24"
1024,"6, 25, 13, 24"
1025,"28, 32, 1, 10"
1026,"37, 4, 32, 10"
1027,"35, 30, 31, 15"
1028,"40, 35, 31, 9, 1"
1029,"15, 17, 40, 24"
1030,"17, 4, 35, 40"
1031,"4, 17, 12, 3"
1032,"3, 4, 1, 35, 5"
1033,"17, 30, 14, 2"
1034,"4, 14, 30, 18"
1035,"1, 35, 4, 3, 7, 24"
1036,"1, 3, 24, 35, 39"
1037,"10, 7, 32, 4, 3"
1038,"15, 3, 12, 21"
1039,"21, 16, 17, 14"
1040,"3, 35, 29, 31"
1041,"28, 35, 15, 29"
1042,"35, 6, 12, 26"
1043,"35, 24, 19, 3, 4"
1044,"3, 35, 18, 4"
1045,"1, 17, 30, 27"
1046,"35, 40, 17, 5"
1047,"40, 4, 35, 14"
1048,"35, 24, 1, 7, 5"
1049,"19, 35, 32, 24"
1050,"34, 35, 24, 15"
1051,"10, 25, 9, 23, 5"
1052,"10, 3, 35, 12"
1053,"4, 7, 10, 32, 21"
1054,"1, 15, 29, 14"
1055,"10, 15, 23, 5, 4"
1056,"40, 24, 35, 4"
1057,"1, 24, 27, 17"
1058,"28, 4, 40, 24"
1059,"17, 26, 4, 10"
1060,"2, 10, 3, 17, 13"
1061,"28, 2, 25, 35"
1062,"19, 31, 1, 35, 2"
1063,"1, 37, 32, 31"
1064,"4, 17, 26, 10"
1065,"35, 1, 8, 31, 30"
1066,"35, 17, 12, 1"
1067,"17, 30, 15, 26"
1068,"17, 4, 26, 28"
1069,"13, 29, 17, 31"
1070,"31, 6, 26, 24"
1071,"30, 35, 31, 6, 3"
1072,"24, 15, 31, 16"
1073,"15, 2, 24, 30"
1074,"30, 31, 35, 3"
1075,"2, 19, 7, 16, 37"
1076,"28, 29, 35, 13"
1077,"15, 13, 16, 2"
1078,"10, 14, 35, 24"
1079,"35, 15, 17, 14"
1080,"29, 13, 19, 35"
1081,"35, 16, 1, 19, 3"
1082,"19, 1, 24, 35"
1083,"15, 29, 13, 28"
1084,"35, 40, 3, 17"
1085,"35, 40, 4, 14"
1086,"35, 5, 19, 36"
1087,"1, 35, 32, 19"
1088,"13, 10, 3, 15"
1089,"28, 15, 29, 35"
1090,"15, 19, 3, 1, 18"
1091,"7, 3, 10, 26, 37"
1092,"24, 25, 4, 30"
1093,"15, 24, 3, 4, 28"
1094,"35, 40, 24, 30"
1095,"1, 7, 4, 3, 28, 2"
1096,"10, 13, 29, 31"
1097,"40, 35, 29, 16"
1098,"6, 10, 28, 29"
1099,"1, 15, 25, 2"
1100,"6, 28, 29, 31"
1101,"25, 28, 32, 40"
1102,"1, 10, 35, 4"
1103,"28, 35, 25, 15"
1104,"28, 35, 25, 26"
1105,"17, 13, 1, 12, 3"
1106,"17, 1, 13, 4"
1107,"28, 26, 13, 17"
1108,"28, 26, 17, 1, 4"
1109,"1, 15, 35, 7"
1110,"28, 31, 2, 4, 19"
1111,"28, 7, 2, 3, 35"
1112,"35, 1, 13, 17"
1113,"1, 7, 2, 10, 4"
1114,"19, 25, 3, 35, 5"
1115,"1, 16, 25, 3, 5"
1116,"13, 25, 5, 2, 24"
1117,"28, 13, 24, 31"
1118,"24, 1, 13, 28"
1119,"24, 28, 12, 3, 1"
1120,"10, 28, 35, 2"
1121,"12, 23, 4, 29, 2"
1122,"19, 3, 12, 16"
1123,"25, 1, 30, 24"
1124,"31, 13, 24, 26"
1125,"19, 13, 24, 1"
1126,"24, 2, 3, 4, 34"
1127,"23, 10, 4, 32"
1128,"19, 25, 13, 3, 2"
1129,"10, 37, 1, 24"
1130,"35, 31, 24, 4"
1131,"10, 25, 1, 26, 5"
1132,"40, 35, 2, 17"
1133,"1, 17, 13, 24"
1134,"29, 36, 24, 5"
1135,"15, 29, 35, 2, 1"
1136,"10, 1, 12, 3"
1137,"1, 5, 28, 15, 25"
1138,"28, 29, 5, 12"
1139,"28, 5, 32, 16"
1140,"25, 13, 1, 32, 2"
1141,"40, 5, 3, 12, 8"
1142,"3, 35, 14, 28"
1143,"14, 17, 15, 4"
1144,"28, 24, 3, 35, 7"
1145,"17, 14, 15, 10"
1146,"35, 3, 14, 4, 5"
1147,"14, 7, 15, 24"
1148,"5, 35, 3, 17, 14"
1149,"35, 1, 40, 4"
1150,"3, 28, 40, 31"
1151,"10, 24, 32, 3"
1152,"35, 3, 2, 40, 25"
1153,"35, 3, 12, 25"
1154,"35, 28, 24, 4, 5"
1155,"8, 28, 3, 4, 1, 17"
1156,"35, 19, 3, 14, 1"
1157,"35, 19, 3, 1, 13"
1158,"35, 1, 4, 10, 40"
1159,"35, 10, 19, 24"
1160,"35, 40, 3, 4, 12"
1161,"40, 35, 3, 1, 39"
1162,"3, 35, 15, 10"
1163,"35, 37, 24, 13"
1164,"35, 15, 10, 12"
1165,"10, 2, 25, 5, 4"
1166,"10, 19, 35, 23"
1167,"10, 25, 28, 32"
1168,"2, 26, 35, 40"
1169,"35, 28, 13, 12"
1170,"28, 1, 40, 29"
1171,"1, 11, 15, 27"
1172,"28, 10, 35, 4"
1173,"1, 3, 13, 10, 4"
1174,"35, 10, 1, 13"
1175,"35, 1, 10, 28"
1176,"5, 35, 13, 33"
1177,"28, 40, 25, 32"
1178,"3, 10, 37, 32"
1179,"8, 35, 13, 17"
1180,"35, 17, 13, 28"
1181,"17, 1, 28, 29"
1182,"17, 3, 1, 18, 13"
1183,"13, 15, 17, 1"
1184,"13, 17, 1, 25"
1185,"15, 35, 30, 2"
1186,"1, 13, 25, 2"
1187,"4, 7, 13, 15, 17"
1188,"3, 25, 1, 35, 10"
1189,"24, 9, 2, 37"
1190,"28, 34, 35, 3"
1191,"3, 35, 1, 11, 4"
1192,"34, 9, 5, 15, 3"
1193,"1, 10, 7, 15, 13"
1194,"28, 1, 15, 13"
1195,"28, 13, 3, 1, 16"
1196,"15, 10, 2, 13, 1"
1197,"1, 3, 13, 25, 31"
1198,"1, 4, 17, 9, 24"
1199,"2, 35, 7, 19, 24"
1200,"24, 13, 4, 37"
1201,"15, 13, 32, 1, 3"
1202,"2, 35, 34, 4"
1203,"5, 10, 24, 25"
1204,"19, 15, 13, 1"
1205,"3, 9, 13, 26, 1"
1206,"35, 15, 39, 12"
1207,"1, 7, 15, 16, 4"
1208,"1, 15, 26, 25"
1209,"35, 10, 5, 7, 11"
1210,"10, 7, 35, 32"
1211,"10, 35, 2, 1, 25"
1212,"10, 13, 34, 7"
1213,"2, 10, 1, 32, 25"
1214,"35, 30, 28, 17"
1215,"25, 10, 3, 32"
1216,"37, 10, 13, 25"
1217,"28, 1, 8, 15, 5, 3"
1218,"1, 13, 14, 8"
1219,"14, 13, 1, 17"
1220,"13, 17, 14, 15"
1221,"13, 1, 26, 17"
1222,"1, 3, 16, 26, 13"
1223,"13, 1, 7, 30, 3"
1224,"1, 35, 15, 38"
1225,"29, 13, 1, 16"
1226,"35, 16, 1, 31"
1227,"6, 2, 10, 7, 15"
1228,"10, 1, 37, 4"
1229,"10, 1, 16, 35"
1230,"35, 13, 1, 28, 2"
1231,"35, 12, 28, 29"
1232,"28, 1, 10, 26"
1233,"28, 1, 10, 26"
1234,"28, 12, 24, 19"
1235,"35, 10, 1, 19"
1236,"3, 35, 1, 24, 33"
1237,"1, 11, 3, 13, 39"
1238,"10, 24, 35, 18"
1239,"32, 24, 1, 35"
1240,"19, 34, 33, 9"
1241,"3, 4, 35, 15, 20"
1242,"19, 35, 2, 13"
1243,"25, 24, 16, 10"
1244,"35, 10, 5, 21"
1245,"1, 3, 25, 13, 15"
1246,"2, 5, 28, 13, 16"
1247,"2, 3, 35, 9, 28"
1248,"1, 35, 13, 23"
1249,"3, 16, 25, 12"
1250,"1, 10, 28, 8"
1251,"1, 13, 15, 14"
1252,"27, 26, 1, 5, 10"
1253,"6, 28, 1, 13, 11"
1254,"35, 12, 1, 6, 28"
1255,"13, 8, 18, 28"
1256,"35, 28, 9, 17"
1257,"3, 17, 28, 10"
1258,"17, 1, 10, 32"
1259,"29, 28, 37, 32"
1260,"29, 18, 36, 37"
1261,"28, 37, 1, 25"
1262,"35, 28, 25, 10"
1263,"30, 13, 10, 32"
1264,"30, 25, 32, 9"
1265,"37, 3, 4, 32, 13"
1266,"5, 40, 16, 3"
1267,"5, 4, 17, 18, 3"
1268,"10, 32, 28, 3"
1269,"12, 19, 28, 29"
1270,"2, 26, 32, 3"
1271,"2, 26, 21, 13"
1272,"2, 32, 21, 16"
1273,"35, 3, 12, 13"
1274,"3, 17, 7, 35, 29"
1275,"24, 35, 33, 18"
1276,"26, 3, 24, 19"
1277,"32, 19, 3, 2, 5"
1278,"10, 31, 35, 24"
1279,"28, 15, 5, 18"
1280,"2, 16, 13, 32"
1281,"13, 10, 2, 34, 7"
1282,"10, 17, 35, 4"
1283,"35, 7, 13, 1, 4"
1284,"19, 3, 1, 32, 35"
1285,"28, 25, 13, 1, 5"
1286,"3, 10, 1, 25, 30"
1287,"25, 13, 24, 15"
1288,"25, 15, 24, 13"
1289,"2, 10, 39, 18"
1290,"2, 16, 18, 26"
1291,"28, 26, 32, 18"
1292,"28, 32, 18, 9, 3"
1293,"28, 13, 12, 35"
1294,"28, 12, 35, 10"
1295,"17, 28, 13, 12"
1296,"17, 28, 13, 4"
1297,"13, 17, 14, 12"
1298,"13, 26, 17, 4"
1299,"26, 13, 35, 16"
1300,"26, 13, 35, 31"
1301,"13, 24, 10, 15"
1302,"26, 31, 35, 13"
1303,"37, 4, 5, 24, 10"
1304,"19, 9, 16, 6"
1305,"25, 10, 16, 2"
1306,"10, 28, 25, 19"
1307,"12, 35, 8, 4, 13"
1308,"1, 13, 30, 2"
1309,"1, 2, 35, 13, 38"
1310,"2, 12, 26, 28"
1311,"35, 1, 12, 13"
1312,"13, 35, 9, 1, 17"
1313,"1, 13, 3, 39, 18"
1314,"2, 19, 26, 35"
1315,"19, 13, 32, 2"
1316,"10, 4, 24, 5"
1317,"15, 28, 35, 24"
1318,"28, 21, 3, 13"
1319,"5, 3, 28, 33, 35"
1320,"24, 2, 11, 3"
1321,"28, 1, 29, 10"
1322,"5, 25, 21, 10"
1323,"12, 28, 23, 7"
1324,"13, 35, 4, 2, 28"
1325,"1, 13, 12, 26"
1326,"25, 28, 26, 3"
1327,"12, 26, 2, 5, 35"
1328,"15, 24, 28, 10"
1329,"25, 17, 1, 27"
1330,"13, 24, 28, 25"
1331,"35, 24, 8, 13, 2"
1332,"35, 13, 28, 1, 8"
1333,"17, 4, 18, 35"
1334,"14, 7, 17, 19"
1335,"35, 1, 10, 31"
1336,"10, 7, 35, 17"
1337,"3, 12, 10, 2, 6"
1338,"35, 10, 1, 2, 13"
1339,"13, 1, 17, 36"
1340,"35, 3, 2, 25, 9"
1341,"2, 24, 25, 7"
1342,"10, 3, 5, 18, 2"
1343,"1, 35, 18, 9, 3"
1344,"35, 3, 24, 5, 4"
1345,"10, 15, 12, 22"
1346,"19, 5, 35, 38"
1347,"1, 19, 3, 5, 35"
1348,"10, 35, 28, 38"
1349,"3, 14, 9, 37, 1"
1350,"3, 35, 5, 10, 40"
1351,"24, 35, 3, 4, 39"
1352,"35, 28, 21, 36"
1353,"1, 24, 19, 31"
1354,"35, 12, 2, 34"
1355,"10, 3, 6, 24, 34"
1356,"28, 35, 15, 14"
1357,"10, 2, 3, 24, 25"
1358,"24, 39, 13, 35"
1359,"28, 15, 29, 35"
1360,"28, 7, 26, 24"
1361,"3, 1, 35, 10, 14"
1362,"1, 25, 9, 2, 13"
1363,"1, 10, 24, 35"
1364,"3, 32, 26, 18"
1365,"10, 5, 12, 26"
1366,"6, 12, 10, 1"
1367,"4, 32, 37, 25"
1368,"1, 28, 19, 37"
1369,"35, 40, 30, 9, 5"
1370,"35, 2, 9, 5, 26"
1371,"1, 19, 26, 13"
1372,"9, 26, 28, 13"
1373,"14, 1, 28, 13"
1374,"19, 6, 17, 2"
1375,"35, 26, 34, 30"
1376,"2, 13, 35, 1"
1377,"29, 13, 2, 28"
1378,"2, 10, 13, 3"
1379,"25, 7, 24, 13"
1380,"10, 28, 15, 4"
1381,"35, 10, 13, 6, 4"
1382,"28, 10, 13, 34"
1383,"3, 9, 29, 17, 26"
1384,"28, 5, 2, 29, 35"
1385,"28, 10, 5, 13"
1386,"19, 28, 2, 30"
1387,"19, 35, 4, 9, 2"
1388,"40, 28, 13, 2, 9"
1389,"24, 2, 9, 25, 5"
1390,"24, 13, 36, 2"
1391,"35, 24, 13, 17"
1392,"35, 28, 10, 13"
1393,"3, 25, 6, 29, 24"
1394,"35, 28, 13, 10"
1395,"25, 7, 6, 24, 19"
1396,"1, 12, 19, 35"
1397,"29, 28, 1, 24"
1398,"26, 24, 6, 25, 9"
1399,"35, 1, 13, 40"
1400,"3, 13, 28, 1"
1401,"3, 13, 1, 28, 26"
1402,"2, 24, 13, 3"
1403,"28, 3, 1, 24, 10"
1404,"26, 12, 29, 8"
1405,"28, 10, 32, 37"
1406,"28, 26, 10, 2"
1407,"28, 26, 13, 5, 3"
1408,"28, 26, 1, 13, 3"
1409,"26, 24, 28, 5"
1410,"28, 26, 10, 24"
1411,"26, 28, 13, 2"
1412,"26, 28, 2, 17"
1413,"28, 24, 18, 1"
1414,"28, 26, 2, 24"
1415,"13, 28, 3, 1, 17"
1416,"3, 28, 18, 27"
1417,"19, 3, 32, 7"
1418,"19, 26, 2, 13, 4"
1419,"26, 2, 35, 25"
1420,"3, 28, 1, 24, 37"
1421,"28, 15, 19, 37"
1422,"2, 35, 38, 37"
1423,"35, 19, 2, 24"
1424,"19, 1, 35, 24"
1425,"35, 37, 24, 1"
1426,"28, 3, 24, 27"
1427,"28, 39, 2, 10"
1428,"35, 3, 28, 32"
1429,"28, 26, 24, 2"
1430,"1, 10, 24, 18"
1431,"28, 9, 18, 32"
1432,"35, 3, 19, 15"
1433,"7, 26, 35, 24"
1434,"2, 10, 34, 21"
1435,"1, 26, 13, 15"
1436,"2, 5, 13, 25, 15"
1437,"28, 1, 40, 26"
1438,"26, 2, 5, 12, 10"
1439,"5, 28, 37, 11"
1440,"28, 10, 25, 2, 5"
1441,"10, 2, 28, 25"
1442,"2, 28, 10, 35"
1443,"28, 37, 10, 15"
1444,"28, 26, 32, 24"
1445,"35, 26, 32, 1"
1446,"26, 25, 1, 35, 8"
1447,"5, 26, 28, 1"
1448,"26, 28, 10, 24"
1449,"26, 24, 5, 3, 28"
1450,"26, 24, 5, 28, 3"
1451,"5, 24, 28, 13"
1452,"28, 24, 13, 3"
1453,"28, 3, 10, 13"
1454,"2, 13, 1, 37, 6"
1455,"25, 2, 7, 32, 4, 3"
1456,"10, 28, 6, 5, 34"
1457,"10, 26, 28, 24"
1458,"28, 13, 24, 5"
1459,"24, 28, 37, 2"
1460,"24, 10, 3, 28, 6"
1461,"10, 24, 5, 3, 28"
1462,"3, 5, 10, 24, 13"
1463,"24, 5, 2, 13, 10"
1464,"28, 24, 2, 6, 10"
1465,"35, 39, 2, 37"
1466,"28, 24, 6, 19, 2"
1467,"32, 1, 35, 24"
1468,"28, 10, 13, 2"
1469,"24, 28, 2, 10, 6"
1470,"26, 10, 24, 37"
1471,"24, 7, 25, 37"
1472,"10, 3, 24, 39"
1473,"35, 2, 10, 13"
1474,"25, 13, 1, 15, 6"
1475,"24, 5, 23, 13"
1476,"28, 24, 13, 32"
1477,"3, 25, 28, 13"
1478,"28, 26, 24, 23"
1479,"28, 24, 26, 2"
1480,"28, 26, 10, 3"
1481,"3, 35, 10, 27"
1482,"26, 28, 24, 10"